,date,0.25,0.5,0.75,1.0,2.0,3.0,5.0,7.0,10.0,15.0,20.0,30.0
0,2023-12-29,11.73,12.35,12.66,12.78,12.51,12.05,11.75,11.8,11.86,11.84,11.77,11.64
1,2023-12-28,12.78,12.72,12.65,12.59,12.4,12.15,11.9,11.84,11.8,11.74,11.68,11.62
2,2023-12-27,13.22,12.6,12.28,12.13,12.05,12.03,12.01,12.02,12.03,12.05,12.05,12.05
3,2023-12-26,13.33,12.74,12.42,12.25,12.1,12.03,11.98,11.97,11.98,11.98,11.99,12.0
4,2023-12-25,13.78,13.0,12.53,12.25,11.91,11.86,11.86,11.86,11.87,11.88,11.89,11.9
5,2023-12-22,13.85,12.82,12.35,12.15,11.97,11.91,11.88,11.89,11.9,11.91,11.92,11.93
6,2023-12-21,14.43,13.37,12.67,12.23,11.63,11.62,11.77,11.86,11.93,12.0,12.03,12.07
7,2023-12-20,14.53,13.4,12.72,12.32,11.84,11.79,11.81,11.83,11.85,11.87,11.87,11.87
8,2023-12-19,14.05,13.52,13.13,12.87,12.39,12.09,11.89,11.88,11.9,11.91,11.91,11.89
9,2023-12-18,14.15,13.35,12.83,12.51,12.07,11.99,11.98,11.99,11.97,11.93,11.9,11.86
10,2023-12-15,14.39,13.33,12.79,12.53,12.34,12.35,12.36,12.37,12.38,12.39,12.4,12.4
11,2023-12-14,14.69,13.44,12.89,12.66,12.52,12.49,12.48,12.49,12.52,12.55,12.56,12.57
12,2023-12-13,14.52,13.32,12.79,12.57,12.46,12.43,12.41,12.43,12.45,12.47,12.48,12.49
13,2023-12-12,14.31,13.27,12.78,12.55,12.39,12.34,12.3,12.31,12.33,12.35,12.37,12.38
14,2023-12-11,14.48,13.07,12.48,12.27,12.2,12.18,12.18,12.22,12.27,12.31,12.32,12.34
15,2023-12-08,14.64,13.17,12.56,12.33,12.27,12.21,12.15,12.17,12.21,12.25,12.27,12.28
16,2023-12-07,14.38,13.11,12.57,12.36,12.24,12.13,12.06,12.1,12.15,12.19,12.21,12.23
17,2023-12-06,14.24,13.02,12.51,12.32,12.18,12.06,11.99,12.02,12.07,12.09,12.08,12.07
18,2023-12-05,14.65,13.31,12.73,12.46,12.2,12.06,11.95,11.97,12.0,12.01,12.0,11.99
19,2023-12-04,14.22,13.26,12.78,12.53,12.17,11.98,11.87,11.87,11.9,11.89,11.88,11.85
20,2023-12-01,14.18,13.06,12.61,12.42,12.13,11.85,11.7,11.78,11.88,11.92,11.92,11.9
21,2023-11-30,13.51,12.17,11.66,11.5,11.56,11.6,11.64,11.69,11.74,11.77,11.78,11.78
22,2023-11-29,13.3,12.05,11.58,11.43,11.49,11.53,11.59,11.65,11.71,11.74,11.75,11.75
23,2023-11-28,13.15,12.13,11.74,11.6,11.57,11.54,11.57,11.65,11.73,11.77,11.77,11.77
24,2023-11-27,13.29,12.15,11.71,11.55,11.52,11.54,11.61,11.68,11.74,11.78,11.78,11.77
25,2023-11-24,13.5,12.26,11.74,11.54,11.51,11.57,11.64,11.69,11.72,11.74,11.75,11.74
26,2023-11-23,12.55,11.94,11.64,11.51,11.47,11.52,11.61,11.67,11.72,11.75,11.75,11.74
27,2023-11-22,12.46,11.94,11.72,11.64,11.57,11.53,11.57,11.65,11.72,11.75,11.73,11.71
28,2023-11-21,12.45,12.02,11.84,11.76,11.67,11.63,11.67,11.75,11.82,11.85,11.83,11.8
29,2023-11-20,12.46,12.08,11.94,11.9,11.87,11.75,11.68,11.73,11.78,11.8,11.79,11.77
30,2023-11-17,12.77,12.27,12.02,11.9,11.8,11.76,11.75,11.78,11.8,11.8,11.79,11.76
31,2023-11-16,12.46,12.28,12.14,12.05,11.87,11.77,11.76,11.82,11.89,11.96,11.99,12.02
32,2023-11-15,12.71,12.41,12.18,12.03,11.79,11.75,11.81,11.88,11.94,11.99,12.03,12.06
33,2023-11-14,12.96,12.56,12.29,12.12,11.88,11.8,11.84,11.91,11.98,12.02,12.03,12.03
34,2023-11-13,12.76,12.36,12.09,11.93,11.73,11.66,11.75,11.87,11.95,12.01,12.04,12.06
35,2023-11-10,12.66,12.38,12.16,11.99,11.64,11.52,11.58,11.7,11.82,11.92,11.98,12.04
36,2023-11-09,12.76,12.52,12.32,12.15,11.72,11.58,11.58,11.66,11.77,11.86,11.9,11.93
37,2023-11-08,13.11,12.75,12.49,12.3,11.94,11.87,11.9,11.94,11.97,11.98,11.98,11.98
38,2023-11-07,12.95,12.77,12.63,12.51,12.22,12.01,11.9,11.92,11.96,11.98,11.99,11.99
39,2023-11-06,13.12,12.64,12.34,12.14,11.87,11.86,11.92,11.96,12.0,12.04,12.06,12.09
40,2023-11-03,13.1,12.85,12.65,12.49,12.1,11.94,11.9,11.95,12.03,12.12,12.19,12.25
41,2023-11-02,13.02,12.93,12.84,12.75,12.43,12.25,12.1,12.07,12.09,12.18,12.25,12.33
42,2023-11-01,13.05,12.99,12.95,12.91,12.72,12.46,12.22,12.19,12.23,12.32,12.4,12.5
43,2023-10-31,13.13,13.06,13.0,12.95,12.78,12.61,12.48,12.48,12.5,12.55,12.6,12.66
44,2023-10-30,13.42,13.37,13.33,13.29,13.05,12.75,12.48,12.44,12.44,12.44,12.44,12.43
45,2023-10-27,13.4,13.38,13.35,13.3,13.04,12.75,12.43,12.3,12.19,12.1,12.04,11.98
46,2023-10-26,12.46,12.44,12.43,12.43,12.45,12.43,12.38,12.35,12.33,12.32,12.31,12.31
47,2023-10-25,12.52,12.49,12.46,12.44,12.41,12.39,12.36,12.32,12.27,12.22,12.19,12.16
48,2023-10-24,12.35,12.37,12.39,12.42,12.48,12.44,12.37,12.32,12.27,12.21,12.17,12.13
49,2023-10-23,12.11,12.24,12.32,12.37,12.43,12.41,12.33,12.26,12.2,12.13,12.09,12.04
50,2023-10-20,11.89,12.02,12.12,12.21,12.42,12.48,12.46,12.4,12.32,12.25,12.21,12.18
51,2023-10-19,11.99,12.08,12.15,12.22,12.38,12.44,12.43,12.38,12.31,12.25,12.23,12.2
52,2023-10-18,11.77,11.91,12.04,12.15,12.43,12.46,12.4,12.35,12.31,12.27,12.25,12.23
53,2023-10-17,12.01,12.06,12.11,12.16,12.29,12.33,12.32,12.28,12.22,12.16,12.13,12.1
54,2023-10-16,11.66,12.02,12.22,12.32,12.35,12.28,12.18,12.12,12.08,12.06,12.05,12.03
55,2023-10-13,11.6,12.22,12.45,12.51,12.39,12.27,12.15,12.08,12.04,12.05,12.06,12.04
56,2023-10-12,11.65,12.28,12.51,12.57,12.44,12.32,12.18,12.1,12.03,12.02,12.04,12.05
57,2023-10-11,11.55,12.17,12.46,12.59,12.54,12.41,12.26,12.18,12.12,12.11,12.11,12.1
58,2023-10-10,11.7,12.16,12.45,12.62,12.73,12.6,12.41,12.29,12.15,12.01,11.95,11.93
59,2023-10-09,11.77,12.26,12.55,12.71,12.77,12.6,12.34,12.21,12.09,12.01,11.99,11.96
60,2023-10-06,11.9,12.29,12.54,12.68,12.73,12.58,12.35,12.21,12.05,11.88,11.82,11.8
61,2023-10-05,12.16,12.4,12.56,12.66,12.72,12.6,12.34,12.17,12.01,11.88,11.82,11.77
62,2023-10-04,12.58,12.62,12.64,12.65,12.61,12.54,12.39,12.25,12.05,11.84,11.75,11.68
63,2023-10-03,12.37,12.46,12.52,12.56,12.55,12.45,12.25,12.11,11.97,11.86,11.81,11.77
64,2023-10-02,12.35,12.49,12.57,12.6,12.55,12.41,12.2,12.08,11.97,11.89,11.86,11.83
65,2023-09-29,12.38,12.53,12.58,12.57,12.39,12.24,12.08,12.0,11.93,11.9,11.89,11.88
66,2023-09-28,12.39,12.5,12.54,12.54,12.4,12.26,12.09,12.0,11.91,11.83,11.8,11.77
67,2023-09-27,12.26,12.4,12.44,12.42,12.22,12.07,11.96,11.9,11.83,11.76,11.72,11.7
68,2023-09-26,12.5,12.5,12.47,12.42,12.19,12.04,11.93,11.88,11.82,11.75,11.73,11.72
69,2023-09-25,12.26,12.26,12.25,12.24,12.15,12.06,11.94,11.86,11.76,11.65,11.59,11.54
70,2023-09-22,12.37,12.35,12.32,12.29,12.15,12.03,11.89,11.81,11.73,11.66,11.63,11.6
71,2023-09-21,12.19,12.21,12.2,12.19,12.08,11.97,11.84,11.78,11.72,11.67,11.64,11.62
72,2023-09-20,12.14,12.12,12.11,12.09,12.03,11.98,11.88,11.8,11.73,11.68,11.65,11.62
73,2023-09-19,12.19,12.16,12.13,12.11,12.01,11.94,11.82,11.75,11.69,11.64,11.62,11.6
74,2023-09-18,12.17,12.17,12.16,12.13,11.99,11.87,11.74,11.67,11.61,11.55,11.52,11.48
75,2023-09-15,12.27,12.24,12.21,12.18,12.08,11.99,11.85,11.75,11.64,11.57,11.54,11.5
76,2023-09-14,12.04,12.02,12.0,11.99,11.95,11.91,11.83,11.75,11.66,11.6,11.57,11.54
77,2023-09-13,11.9,11.88,11.87,11.86,11.82,11.79,11.76,11.73,11.65,11.58,11.55,11.54
78,2023-09-12,11.81,11.81,11.8,11.8,11.77,11.77,11.78,11.76,11.69,11.6,11.55,11.49
79,2023-09-11,11.87,11.95,12.01,12.06,12.11,12.08,11.96,11.86,11.75,11.67,11.64,11.6
80,2023-09-08,11.87,11.96,12.04,12.09,12.18,12.17,12.05,11.94,11.81,11.7,11.65,11.61
81,2023-09-07,11.53,11.82,11.91,11.92,11.83,11.77,11.72,11.69,11.67,11.67,11.68,11.68
82,2023-09-06,11.01,11.37,11.53,11.58,11.6,11.59,11.58,11.57,11.54,11.52,11.52,11.53
83,2023-09-05,10.65,10.84,10.97,11.06,11.19,11.22,11.31,11.38,11.41,11.42,11.41,11.4
84,2023-09-04,10.56,10.63,10.69,10.73,10.87,11.0,11.25,11.41,11.5,11.55,11.58,11.63
85,2023-09-01,10.4,10.48,10.55,10.62,10.82,10.99,11.25,11.4,11.47,11.52,11.55,11.61
86,2023-08-31,10.31,10.38,10.45,10.51,10.71,10.86,11.14,11.34,11.47,11.56,11.61,11.68
87,2023-08-30,10.08,10.26,10.41,10.52,10.76,10.9,11.14,11.31,11.42,11.47,11.49,11.5
88,2023-08-29,10.3,10.36,10.44,10.5,10.7,10.85,11.12,11.3,11.41,11.47,11.51,11.56
89,2023-08-28,10.46,10.41,10.42,10.44,10.65,10.85,11.15,11.3,11.39,11.44,11.48,11.51
90,2023-08-25,10.55,10.45,10.42,10.43,10.63,10.81,11.08,11.25,11.37,11.45,11.49,11.52
91,2023-08-24,10.57,10.43,10.37,10.38,10.58,10.79,11.08,11.25,11.37,11.43,11.46,11.49
92,2023-08-23,10.53,10.36,10.28,10.25,10.4,10.62,10.98,11.19,11.35,11.44,11.48,11.54
93,2023-08-22,10.56,10.37,10.27,10.23,10.37,10.61,10.97,11.17,11.32,11.41,11.46,11.52
94,2023-08-21,10.53,10.3,10.19,10.16,10.34,10.61,10.97,11.15,11.27,11.35,11.4,11.46
95,2023-08-18,10.8,10.53,10.39,10.32,10.41,10.62,10.96,11.13,11.23,11.29,11.32,11.38
96,2023-08-17,10.17,10.21,10.25,10.29,10.48,10.67,10.96,11.14,11.27,11.36,11.41,11.46
97,2023-08-16,10.53,10.56,10.6,10.63,10.76,10.89,11.1,11.24,11.36,11.41,11.44,11.49
98,2023-08-15,10.69,10.72,10.75,10.77,10.84,10.94,11.14,11.28,11.36,11.4,11.42,11.45
99,2023-08-14,8.39,9.18,9.68,10.01,10.56,10.77,11.05,11.24,11.36,11.41,11.4,11.4
100,2023-08-11,7.92,8.54,9.01,9.36,10.1,10.44,10.85,11.11,11.3,11.39,11.4,11.41
101,2023-08-10,7.83,8.44,8.9,9.26,10.06,10.42,10.84,11.1,11.29,11.39,11.42,11.44
102,2023-08-09,7.88,8.41,8.83,9.16,9.94,10.32,10.77,11.04,11.25,11.37,11.41,11.44
103,2023-08-08,7.81,8.35,8.78,9.1,9.79,10.13,10.62,10.97,11.22,11.34,11.35,11.36
104,2023-08-07,7.8,8.29,8.68,8.98,9.66,10.02,10.56,10.93,11.2,11.34,11.36,11.37
105,2023-08-04,7.83,8.29,8.66,8.96,9.66,10.06,10.58,10.91,11.16,11.3,11.33,11.36
106,2023-08-03,7.76,8.23,8.61,8.91,9.59,9.98,10.53,10.9,11.17,11.32,11.36,11.4
107,2023-08-02,7.68,8.07,8.4,8.67,9.37,9.83,10.48,10.89,11.21,11.43,11.51,11.58
108,2023-08-01,7.86,8.22,8.52,8.77,9.41,9.83,10.45,10.86,11.21,11.46,11.57,11.68
109,2023-07-31,7.82,8.2,8.52,8.77,9.4,9.81,10.44,10.86,11.17,11.38,11.47,11.55
110,2023-07-28,7.76,8.09,8.37,8.6,9.24,9.71,10.39,10.83,11.2,11.49,11.62,11.77
111,2023-07-27,7.71,7.99,8.25,8.47,9.13,9.62,10.33,10.8,11.2,11.51,11.66,11.82
112,2023-07-26,7.65,7.9,8.14,8.36,9.08,9.62,10.37,10.83,11.21,11.53,11.7,11.88
113,2023-07-25,7.66,7.93,8.17,8.4,9.12,9.64,10.37,10.82,11.2,11.51,11.67,11.83
114,2023-07-24,7.57,7.89,8.17,8.41,9.16,9.68,10.41,10.85,11.21,11.49,11.63,11.78
115,2023-07-21,7.45,7.8,8.11,8.38,9.21,9.76,10.46,10.86,11.21,11.48,11.61,11.73
116,2023-07-20,7.16,7.6,7.97,8.28,9.11,9.65,10.39,10.85,11.22,11.48,11.6,11.71
117,2023-07-19,7.15,7.6,7.98,8.3,9.18,9.73,10.44,10.86,11.18,11.42,11.52,11.62
118,2023-07-18,7.28,7.61,7.92,8.19,9.04,9.64,10.39,10.84,11.23,11.53,11.67,11.81
119,2023-07-17,7.28,7.63,7.94,8.21,9.01,9.58,10.35,10.83,11.22,11.52,11.66,11.79
120,2023-07-14,7.39,7.65,7.89,8.1,8.82,9.38,10.2,10.73,11.21,11.59,11.79,11.99
121,2023-07-13,7.4,7.63,7.84,8.05,8.73,9.29,10.15,10.72,11.2,11.62,11.84,12.06
122,2023-07-12,7.52,7.72,7.91,8.09,8.73,9.25,10.13,10.73,11.23,11.65,11.88,12.12
123,2023-07-11,7.44,7.64,7.84,8.02,8.71,9.27,10.13,10.7,11.2,11.61,11.82,12.04
124,2023-07-10,7.46,7.64,7.82,8.0,8.65,9.21,10.11,10.69,11.18,11.59,11.81,12.05
125,2023-07-07,7.35,7.55,7.75,7.94,8.6,9.14,10.03,10.65,11.19,11.64,11.87,12.12
126,2023-07-06,7.39,7.58,7.76,7.94,8.58,9.1,10.0,10.64,11.17,11.62,11.85,12.11
127,2023-07-05,7.37,7.57,7.76,7.94,8.58,9.09,9.96,10.58,11.13,11.59,11.84,12.1
128,2023-07-04,7.42,7.6,7.78,7.95,8.58,9.11,9.98,10.58,11.11,11.58,11.83,12.09
129,2023-07-03,7.55,7.72,7.89,8.04,8.6,9.08,9.93,10.55,11.08,11.54,11.77,12.03
130,2023-06-30,7.51,7.67,7.82,7.98,8.56,9.06,9.94,10.56,11.09,11.55,11.79,12.04
131,2023-06-29,7.52,7.67,7.82,7.97,8.52,9.0,9.85,10.48,11.04,11.52,11.77,12.04
132,2023-06-28,7.49,7.63,7.78,7.93,8.48,8.96,9.84,10.49,11.06,11.56,11.81,12.08
133,2023-06-27,7.3,7.48,7.66,7.83,8.47,8.99,9.87,10.49,11.05,11.51,11.74,11.99
134,2023-06-26,7.55,7.67,7.8,7.93,8.46,8.95,9.85,10.5,11.06,11.54,11.78,12.05
135,2023-06-23,7.49,7.63,7.77,7.91,8.46,8.95,9.84,10.49,11.05,11.54,11.79,12.05
136,2023-06-22,7.44,7.59,7.74,7.89,8.45,8.93,9.8,10.43,11.01,11.5,11.75,12.02
137,2023-06-21,7.5,7.64,7.78,7.92,8.46,8.92,9.77,10.42,11.02,11.53,11.8,12.09
138,2023-06-20,7.42,7.57,7.72,7.87,8.42,8.9,9.8,10.45,11.02,11.5,11.75,12.03
139,2023-06-19,7.38,7.54,7.69,7.85,8.39,8.85,9.71,10.37,10.98,11.51,11.79,12.1
140,2023-06-16,7.25,7.44,7.63,7.8,8.38,8.83,9.7,10.37,10.98,11.51,11.8,12.11
141,2023-06-15,7.28,7.45,7.62,7.78,8.34,8.81,9.68,10.35,10.97,11.51,11.79,12.1
142,2023-06-14,7.37,7.53,7.7,7.86,8.4,8.84,9.68,10.34,10.97,11.52,11.8,12.11
143,2023-06-13,7.5,7.61,7.72,7.84,8.32,8.77,9.65,10.33,10.96,11.47,11.74,12.03
144,2023-06-09,7.48,7.56,7.67,7.78,8.28,8.75,9.64,10.32,10.93,11.45,11.72,12.0
145,2023-06-08,7.63,7.66,7.72,7.8,8.22,8.7,9.63,10.31,10.92,11.42,11.68,11.97
146,2023-06-07,7.6,7.63,7.69,7.78,8.22,8.7,9.63,10.31,10.91,11.4,11.66,11.93
147,2023-06-06,7.62,7.65,7.71,7.79,8.23,8.72,9.64,10.32,10.91,11.4,11.66,11.93
148,2023-06-05,7.68,7.69,7.73,7.81,8.23,8.72,9.64,10.32,10.92,11.4,11.64,11.9
149,2023-06-02,7.68,7.69,7.73,7.8,8.22,8.7,9.62,10.3,10.9,11.38,11.62,11.88
150,2023-06-01,7.67,7.67,7.71,7.78,8.2,8.69,9.62,10.3,10.89,11.36,11.6,11.86
151,2023-05-31,7.62,7.63,7.67,7.74,8.17,8.67,9.61,10.29,10.88,11.36,11.6,11.86
152,2023-05-30,7.63,7.63,7.67,7.74,8.16,8.66,9.6,10.28,10.88,11.37,11.61,11.88
153,2023-05-29,7.69,7.69,7.74,7.8,8.21,8.69,9.6,10.27,10.87,11.35,11.59,11.86
154,2023-05-26,7.53,7.54,7.6,7.68,8.14,8.65,9.6,10.27,10.85,11.3,11.52,11.77
155,2023-05-25,7.55,7.54,7.57,7.64,8.09,8.62,9.59,10.27,10.86,11.31,11.54,11.78
156,2023-05-24,7.7,7.65,7.66,7.71,8.12,8.63,9.6,10.28,10.87,11.33,11.56,11.81
157,2023-05-23,7.65,7.59,7.59,7.64,8.06,8.61,9.63,10.32,10.88,11.33,11.57,11.82
158,2023-05-22,7.53,7.49,7.51,7.57,8.03,8.59,9.59,10.28,10.87,11.32,11.55,11.79
159,2023-05-19,7.61,7.57,7.58,7.63,8.05,8.58,9.57,10.27,10.86,11.32,11.55,11.81
160,2023-05-18,7.65,7.61,7.62,7.67,8.07,8.59,9.58,10.28,10.89,11.36,11.59,11.85
161,2023-05-17,7.67,7.64,7.66,7.72,8.12,8.62,9.58,10.27,10.87,11.35,11.58,11.84
162,2023-05-16,7.63,7.59,7.6,7.65,8.06,8.58,9.58,10.29,10.89,11.35,11.58,11.83
163,2023-05-15,7.64,7.58,7.57,7.61,8.04,8.59,9.61,10.3,10.88,11.3,11.5,11.75
164,2023-05-12,7.54,7.52,7.55,7.62,8.07,8.59,9.58,10.28,10.89,11.37,11.61,11.88
165,2023-05-11,7.47,7.45,7.47,7.54,7.99,8.55,9.58,10.29,10.89,11.36,11.59,11.87
166,2023-05-10,7.59,7.54,7.55,7.59,8.0,8.53,9.55,10.27,10.89,11.37,11.61,11.87
167,2023-05-08,7.51,7.46,7.48,7.53,7.97,8.53,9.57,10.3,10.91,11.37,11.59,11.85
168,2023-05-05,7.26,7.26,7.31,7.4,7.93,8.51,9.55,10.27,10.89,11.37,11.61,11.87
169,2023-05-04,7.39,7.39,7.43,7.5,7.97,8.52,9.55,10.28,10.92,11.42,11.67,11.94
170,2023-05-03,7.39,7.39,7.43,7.5,7.97,8.51,9.54,10.27,10.92,11.42,11.68,11.96
171,2023-05-02,7.32,7.33,7.38,7.46,7.96,8.53,9.56,10.28,10.91,11.39,11.63,11.89
172,2023-04-28,7.23,7.26,7.33,7.44,7.98,8.58,9.61,10.33,10.93,11.37,11.59,11.85
173,2023-04-27,7.18,7.19,7.25,7.35,7.92,8.56,9.65,10.38,10.99,11.44,11.65,11.9
174,2023-04-26,7.29,7.31,7.37,7.46,8.0,8.6,9.66,10.39,11.01,11.48,11.71,11.97
175,2023-04-25,7.2,7.2,7.26,7.36,7.96,8.6,9.69,10.4,11.0,11.44,11.64,11.88
176,2023-04-24,7.25,7.25,7.31,7.41,8.01,8.66,9.73,10.42,10.97,11.37,11.57,11.79
177,2023-04-21,7.28,7.23,7.26,7.34,7.94,8.63,9.75,10.44,10.98,11.37,11.57,11.79
178,2023-04-20,7.2,7.19,7.25,7.34,7.96,8.63,9.74,10.43,11.0,11.41,11.61,11.84
179,2023-04-19,7.21,7.24,7.32,7.43,8.02,8.67,9.74,10.44,11.02,11.46,11.68,11.93
180,2023-04-18,7.19,7.22,7.29,7.41,8.01,8.66,9.74,10.43,10.99,11.42,11.64,11.88
181,2023-04-17,7.18,7.23,7.32,7.44,8.07,8.72,9.77,10.45,10.99,11.4,11.6,11.83
182,2023-04-14,7.22,7.28,7.37,7.49,8.1,8.72,9.75,10.43,10.99,11.41,11.62,11.86
183,2023-04-13,7.17,7.24,7.35,7.48,8.1,8.73,9.76,10.43,10.99,11.4,11.6,11.83
184,2023-04-12,7.18,7.26,7.38,7.51,8.14,8.77,9.78,10.44,10.98,11.37,11.56,11.79
185,2023-04-11,7.14,7.25,7.38,7.52,8.16,8.77,9.77,10.42,10.95,11.32,11.51,11.72
186,2023-04-10,7.33,7.42,7.54,7.68,8.27,8.82,9.75,10.37,10.91,11.34,11.55,11.79
187,2023-04-07,7.36,7.47,7.59,7.73,8.3,8.85,9.76,10.39,10.93,11.35,11.56,11.8
188,2023-04-06,7.37,7.47,7.59,7.72,8.29,8.85,9.77,10.39,10.92,11.32,11.52,11.74
189,2023-04-05,7.41,7.5,7.62,7.74,8.29,8.83,9.73,10.36,10.88,11.27,11.46,11.68
190,2023-04-04,7.62,7.65,7.71,7.8,8.29,8.83,9.74,10.35,10.84,11.22,11.4,11.62
191,2023-04-03,7.63,7.63,7.67,7.75,8.23,8.78,9.7,10.31,10.82,11.21,11.4,11.61
192,2023-03-31,7.77,7.75,7.77,7.83,8.25,8.75,9.66,10.29,10.83,11.24,11.44,11.66
193,2023-03-30,7.74,7.72,7.75,7.81,8.24,8.74,9.65,10.28,10.81,11.21,11.4,11.63
194,2023-03-29,7.74,7.75,7.79,7.86,8.27,8.76,9.64,10.27,10.81,11.23,11.43,11.65
195,2023-03-28,7.79,7.78,7.81,7.87,8.27,8.75,9.64,10.26,10.8,11.2,11.4,11.62
196,2023-03-27,7.78,7.79,7.83,7.9,8.33,8.81,9.67,10.28,10.78,11.16,11.34,11.55
197,2023-03-24,7.79,7.81,7.85,7.93,8.37,8.84,9.69,10.27,10.77,11.14,11.33,11.53
198,2023-03-23,7.8,7.8,7.84,7.92,8.37,8.85,9.71,10.29,10.79,11.15,11.33,11.53
199,2023-03-22,7.82,7.81,7.84,7.91,8.36,8.87,9.74,10.33,10.81,11.17,11.34,11.53
200,2023-03-21,7.78,7.77,7.81,7.89,8.36,8.88,9.77,10.35,10.82,11.17,11.34,11.53
201,2023-03-20,7.74,7.75,7.81,7.9,8.37,8.89,9.77,10.37,10.87,11.24,11.41,11.6
202,2023-03-17,7.51,7.56,7.65,7.76,8.32,8.88,9.79,10.37,10.84,11.17,11.34,11.53
203,2023-03-16,7.51,7.57,7.66,7.76,8.27,8.79,9.69,10.31,10.85,11.25,11.46,11.69
204,2023-03-15,7.45,7.52,7.62,7.73,8.26,8.78,9.68,10.3,10.84,11.26,11.46,11.69
205,2023-03-14,7.56,7.63,7.71,7.81,8.27,8.74,9.6,10.24,10.81,11.24,11.46,11.7
206,2023-03-13,7.48,7.56,7.66,7.77,8.25,8.74,9.6,10.23,10.78,11.22,11.45,11.69
207,2023-03-10,7.37,7.46,7.56,7.68,8.19,8.7,9.58,10.21,10.78,11.22,11.45,11.69
208,2023-03-09,7.25,7.37,7.51,7.65,8.21,8.74,9.61,10.22,10.77,11.19,11.41,11.64
209,2023-03-07,7.23,7.36,7.5,7.64,8.21,8.74,9.62,10.23,10.78,11.22,11.43,11.67
210,2023-03-06,7.16,7.32,7.47,7.63,8.22,8.75,9.62,10.24,10.8,11.23,11.45,11.69
211,2023-03-03,7.14,7.28,7.43,7.59,8.19,8.74,9.64,10.27,10.84,11.29,11.51,11.76
212,2023-03-02,7.31,7.44,7.58,7.72,8.28,8.78,9.64,10.27,10.86,11.33,11.57,11.83
213,2023-03-01,7.12,7.32,7.5,7.68,8.28,8.8,9.65,10.25,10.82,11.31,11.57,11.84
214,2023-02-28,7.28,7.43,7.58,7.73,8.31,8.82,9.67,10.29,10.87,11.33,11.55,11.79
215,2023-02-27,7.28,7.45,7.61,7.77,8.32,8.81,9.63,10.22,10.78,11.26,11.5,11.76
216,2023-02-24,7.01,7.22,7.43,7.62,8.29,8.81,9.67,10.27,10.8,11.25,11.48,11.73
217,2023-02-22,7.29,7.47,7.65,7.81,8.41,8.91,9.72,10.3,10.83,11.3,11.55,11.81
218,2023-02-21,7.39,7.54,7.7,7.85,8.42,8.91,9.74,10.34,10.87,11.32,11.56,11.82
219,2023-02-20,7.32,7.5,7.68,7.85,8.47,8.95,9.76,10.34,10.87,11.32,11.55,11.81
220,2023-02-17,7.29,7.47,7.65,7.83,8.42,8.87,9.66,10.26,10.81,11.32,11.58,11.86
221,2023-02-16,7.4,7.58,7.75,7.91,8.48,8.91,9.67,10.26,10.82,11.32,11.59,11.89
222,2023-02-15,7.36,7.53,7.69,7.85,8.42,8.89,9.72,10.31,10.82,11.25,11.48,11.73
223,2023-02-14,7.38,7.54,7.69,7.84,8.33,8.77,9.57,10.19,10.76,11.27,11.53,11.81
224,2023-02-13,7.38,7.54,7.69,7.84,8.36,8.8,9.63,10.25,10.78,11.21,11.44,11.68
225,2023-02-10,7.21,7.32,7.45,7.58,8.1,8.58,9.49,10.16,10.78,11.3,11.57,11.86
226,2023-02-09,7.23,7.31,7.42,7.54,8.05,8.56,9.48,10.15,10.73,11.21,11.46,11.72
227,2023-02-08,7.2,7.3,7.41,7.53,8.02,8.49,9.4,10.09,10.72,11.25,11.53,11.82
228,2023-02-07,7.06,7.18,7.31,7.45,7.98,8.46,9.37,10.06,10.68,11.22,11.5,11.8
229,2023-02-06,6.91,7.06,7.22,7.37,7.92,8.44,9.34,10.01,10.63,11.17,11.46,11.75
230,2023-02-03,6.94,7.09,7.24,7.39,7.94,8.46,9.37,10.04,10.67,11.22,11.51,11.82
231,2023-02-02,6.92,7.05,7.18,7.32,7.87,8.38,9.32,10.01,10.62,11.12,11.39,11.67
232,2023-02-01,6.94,7.06,7.18,7.31,7.86,8.41,9.37,10.05,10.65,11.14,11.38,11.64
233,2023-01-31,6.88,7.01,7.15,7.3,7.88,8.43,9.37,10.03,10.59,11.05,11.28,11.53
234,2023-01-30,6.82,6.96,7.11,7.27,7.91,8.49,9.44,10.06,10.56,10.94,11.13,11.34
235,2023-01-27,6.91,7.04,7.18,7.32,7.93,8.48,9.38,9.98,10.51,10.94,11.16,11.4
236,2023-01-26,6.88,7.01,7.15,7.29,7.88,8.43,9.39,10.04,10.56,10.97,11.18,11.42
237,2023-01-25,7.06,7.17,7.3,7.43,7.97,8.48,9.37,9.99,10.53,10.98,11.21,11.46
238,2023-01-24,7.08,7.19,7.31,7.44,7.98,8.51,9.39,10.0,10.53,10.97,11.19,11.43
239,2023-01-23,7.11,7.22,7.34,7.47,8.01,8.5,9.36,9.97,10.5,10.94,11.17,11.4
240,2023-01-20,7.1,7.21,7.33,7.46,8.0,8.49,9.35,9.96,10.5,10.93,11.15,11.39
241,2023-01-19,7.07,7.18,7.3,7.44,7.98,8.49,9.36,9.95,10.45,10.85,11.06,11.29
242,2023-01-18,7.03,7.15,7.28,7.41,7.94,8.46,9.34,9.95,10.45,10.86,11.07,11.3
243,2023-01-17,7.0,7.13,7.26,7.4,7.95,8.47,9.34,9.92,10.44,10.86,11.07,11.3
244,2023-01-16,7.0,7.14,7.29,7.43,8.0,8.53,9.37,9.93,10.39,10.75,10.93,11.13
245,2023-01-13,7.02,7.14,7.27,7.42,8.01,8.54,9.39,9.95,10.38,10.71,10.88,11.07
246,2023-01-12,7.04,7.14,7.26,7.39,7.97,8.53,9.41,9.96,10.39,10.71,10.88,11.07
247,2023-01-11,7.01,7.11,7.22,7.36,7.95,8.52,9.43,10.0,10.43,10.76,10.93,11.11
248,2023-01-10,7.04,7.16,7.29,7.43,8.01,8.53,9.38,9.93,10.37,10.7,10.87,11.06
249,2023-01-09,7.09,7.14,7.23,7.35,7.94,8.51,9.39,9.93,10.35,10.68,10.84,11.02
250,2023-01-06,6.91,6.88,6.93,7.03,7.65,8.32,9.33,9.9,10.28,10.56,10.71,10.89
251,2023-01-05,6.98,6.95,6.99,7.06,7.6,8.21,9.21,9.82,10.26,10.59,10.77,10.96
252,2023-01-04,6.8,6.83,6.91,7.03,7.63,8.25,9.25,9.84,10.28,10.6,10.76,10.96
253,2023-01-03,6.6,6.71,6.85,7.01,7.69,8.32,9.28,9.86,10.27,10.58,10.74,10.94
254,2022-12-30,6.68,6.87,7.06,7.25,7.95,8.52,9.37,9.89,10.31,10.63,10.82,11.04
255,2022-12-29,6.94,7.1,7.26,7.42,8.03,8.54,9.39,9.95,10.39,10.73,10.9,11.1
256,2022-12-28,7.2,7.29,7.4,7.52,8.04,8.54,9.38,9.93,10.37,10.7,10.88,11.07
257,2022-12-27,7.23,7.32,7.43,7.55,8.09,8.59,9.44,10.0,10.43,10.74,10.89,11.08
258,2022-12-26,7.23,7.26,7.33,7.42,7.91,8.43,9.32,9.91,10.37,10.72,10.9,11.1
259,2022-12-23,7.28,7.29,7.33,7.41,7.88,8.39,9.34,9.98,10.46,10.82,11.01,11.22
260,2022-12-22,7.14,7.17,7.24,7.35,7.88,8.42,9.36,9.97,10.45,10.81,11.0,11.22
261,2022-12-21,7.35,7.28,7.28,7.33,7.8,8.37,9.37,10.01,10.47,10.82,11.0,11.2
262,2022-12-20,7.2,7.21,7.26,7.35,7.87,8.43,9.39,10.0,10.47,10.82,11.0,11.2
263,2022-12-19,7.11,7.15,7.23,7.34,7.88,8.41,9.34,9.95,10.44,10.82,11.01,11.23
264,2022-12-16,6.61,6.71,6.84,6.99,7.65,8.28,9.31,9.93,10.36,10.67,10.84,11.03
265,2022-12-15,6.46,6.64,6.81,6.99,7.69,8.31,9.3,9.91,10.37,10.72,10.9,11.11
266,2022-12-14,6.31,6.56,6.8,7.01,7.73,8.33,9.27,9.87,10.3,10.63,10.81,11.03
267,2022-12-13,6.25,6.54,6.8,7.02,7.73,8.31,9.24,9.84,10.28,10.6,10.77,10.98
268,2022-12-12,6.66,6.79,6.95,7.11,7.74,8.31,9.26,9.85,10.27,10.58,10.74,10.93
269,2022-12-09,6.81,6.95,7.11,7.26,7.87,8.38,9.26,9.84,10.28,10.62,10.8,11.0
270,2022-12-08,6.98,7.09,7.21,7.35,7.87,8.37,9.24,9.82,10.26,10.6,10.77,10.97
271,2022-12-07,7.16,7.22,7.3,7.41,7.92,8.43,9.32,9.89,10.29,10.59,10.75,10.94
272,2022-12-06,7.08,7.14,7.23,7.34,7.89,8.45,9.35,9.91,10.3,10.58,10.73,10.92
273,2022-12-05,7.15,7.23,7.33,7.45,7.97,8.49,9.35,9.9,10.31,10.61,10.76,10.93
274,2022-12-02,7.05,7.18,7.31,7.45,7.99,8.47,9.3,9.85,10.28,10.62,10.79,10.99
275,2022-12-01,6.93,7.09,7.25,7.4,7.96,8.43,9.26,9.82,10.24,10.55,10.71,10.9
276,2022-11-30,7.11,7.22,7.33,7.46,7.95,8.41,9.24,9.79,10.2,10.5,10.66,10.85
277,2022-11-29,7.08,7.18,7.3,7.42,7.92,8.4,9.26,9.84,10.26,10.57,10.73,10.94
278,2022-11-28,7.24,7.29,7.36,7.45,7.9,8.38,9.23,9.81,10.25,10.59,10.76,10.96
279,2022-11-25,7.32,7.35,7.41,7.49,7.9,8.35,9.19,9.77,10.23,10.59,10.78,10.99
280,2022-11-24,7.29,7.32,7.38,7.46,7.87,8.33,9.21,9.81,10.25,10.58,10.75,10.95
281,2022-11-23,7.33,7.35,7.4,7.48,7.9,8.37,9.25,9.86,10.32,10.66,10.84,11.05
282,2022-11-22,7.3,7.34,7.4,7.48,7.9,8.37,9.24,9.84,10.32,10.7,10.89,11.1
283,2022-11-21,7.4,7.41,7.46,7.52,7.91,8.37,9.26,9.88,10.34,10.68,10.86,11.07
284,2022-11-18,7.31,7.32,7.37,7.44,7.87,8.35,9.23,9.8,10.23,10.54,10.71,10.9
285,2022-11-17,7.2,7.27,7.38,7.49,7.97,8.44,9.26,9.81,10.23,10.53,10.69,10.87
286,2022-11-16,7.34,7.37,7.44,7.53,7.99,8.46,9.29,9.83,10.19,10.44,10.58,10.76
287,2022-11-15,7.32,7.33,7.39,7.48,8.0,8.54,9.44,9.99,10.4,10.71,10.87,11.05
288,2022-11-14,7.32,7.34,7.41,7.51,8.06,8.63,9.52,10.03,10.37,10.66,10.83,11.02
289,2022-11-11,7.49,7.46,7.49,7.55,8.0,8.53,9.42,9.98,10.39,10.72,10.89,11.08
290,2022-11-10,7.51,7.5,7.55,7.62,8.08,8.58,9.44,10.0,10.42,10.74,10.9,11.09
291,2022-11-09,7.51,7.53,7.59,7.68,8.17,8.69,9.54,10.08,10.48,10.8,10.98,11.17
292,2022-11-08,7.42,7.43,7.49,7.6,8.18,8.77,9.67,10.18,10.53,10.82,10.97,11.14
293,2022-11-07,7.31,7.33,7.39,7.5,8.07,8.64,9.52,10.02,10.35,10.63,10.78,10.94
294,2022-11-03,7.37,7.39,7.46,7.55,8.06,8.6,9.46,9.98,10.35,10.64,10.8,10.98
295,2022-11-02,7.49,7.52,7.59,7.69,8.17,8.67,9.49,10.01,10.37,10.65,10.8,10.97
296,2022-11-01,7.52,7.56,7.62,7.7,8.13,8.58,9.38,9.89,10.23,10.46,10.59,10.75
297,2022-10-31,7.43,7.51,7.61,7.72,8.2,8.64,9.37,9.84,10.18,10.45,10.59,10.75
298,2022-10-28,7.42,7.45,7.52,7.6,8.03,8.45,9.25,9.78,10.16,10.43,10.56,10.73
299,2022-10-27,7.54,7.53,7.56,7.62,8.01,8.44,9.27,9.81,10.17,10.42,10.57,10.75
300,2022-10-26,7.63,7.59,7.59,7.62,7.93,8.35,9.19,9.76,10.18,10.48,10.64,10.83
301,2022-10-25,7.6,7.59,7.61,7.65,7.95,8.32,9.13,9.72,10.17,10.51,10.69,10.9
302,2022-10-24,7.7,7.64,7.62,7.65,7.92,8.32,9.15,9.72,10.14,10.45,10.61,10.79
303,2022-10-21,7.68,7.63,7.63,7.66,7.95,8.34,9.17,9.74,10.16,10.46,10.61,10.8
304,2022-10-20,7.72,7.71,7.73,7.77,8.08,8.46,9.22,9.75,10.18,10.53,10.71,10.91
305,2022-10-19,7.7,7.74,7.8,7.87,8.2,8.57,9.26,9.76,10.16,10.49,10.66,10.86
306,2022-10-18,7.69,7.8,7.9,8.0,8.34,8.66,9.3,9.78,10.17,10.49,10.66,10.85
307,2022-10-17,7.69,7.82,7.93,8.04,8.4,8.72,9.31,9.76,10.15,10.49,10.68,10.88
308,2022-10-14,7.64,7.79,7.93,8.06,8.49,8.82,9.41,9.84,10.19,10.49,10.66,10.84
309,2022-10-13,7.66,7.83,7.98,8.12,8.55,8.87,9.43,9.84,10.2,10.5,10.67,10.84
310,2022-10-12,7.72,7.92,8.1,8.26,8.7,8.98,9.51,9.91,10.26,10.55,10.7,10.87
311,2022-10-11,7.6,7.78,7.95,8.11,8.63,8.98,9.57,9.97,10.29,10.54,10.67,10.81
312,2022-10-10,7.82,7.99,8.15,8.29,8.75,9.1,9.74,10.18,10.49,10.77,10.93,11.1
313,2022-10-07,7.68,7.81,7.94,8.08,8.55,8.92,9.57,10.02,10.37,10.65,10.79,10.93
314,2022-10-06,7.72,7.86,8.0,8.13,8.58,8.94,9.55,9.96,10.29,10.57,10.72,10.88
315,2022-10-05,7.8,7.91,8.04,8.16,8.67,9.1,9.72,10.07,10.3,10.5,10.59,10.69
316,2022-10-04,7.93,8.02,8.12,8.23,8.67,9.07,9.69,10.08,10.35,10.57,10.7,10.83
317,2022-10-03,8.31,8.33,8.38,8.44,8.76,9.13,9.79,10.21,10.5,10.73,10.85,10.97
318,2022-09-30,8.61,8.64,8.71,8.79,9.21,9.65,10.28,10.61,10.79,10.96,11.05,11.15
319,2022-09-29,8.44,8.49,8.58,8.69,9.16,9.59,10.14,10.42,10.62,10.8,10.9,10.97
320,2022-09-28,8.2,8.19,8.23,8.3,8.74,9.22,9.91,10.27,10.5,10.69,10.8,10.9
321,2022-09-27,8.18,8.17,8.19,8.24,8.57,8.95,9.64,10.09,10.42,10.7,10.84,11.0
322,2022-09-26,8.25,8.32,8.4,8.49,8.84,9.2,9.84,10.25,10.56,10.82,10.97,11.13
323,2022-09-23,7.55,7.71,7.87,8.02,8.55,8.98,9.62,10.01,10.31,10.55,10.67,10.81
324,2022-09-22,7.41,7.55,7.7,7.85,8.39,8.83,9.5,9.9,10.19,10.42,10.54,10.67
325,2022-09-21,7.53,7.66,7.79,7.91,8.31,8.6,9.16,9.59,9.91,10.14,10.26,10.42
326,2022-09-20,7.58,7.63,7.7,7.78,8.17,8.56,9.25,9.71,10.05,10.3,10.42,10.57
327,2022-09-19,7.48,7.46,7.47,7.5,7.73,8.03,8.65,9.09,9.43,9.69,9.82,9.97
328,2022-09-16,7.44,7.4,7.39,7.4,7.6,7.89,8.47,8.88,9.21,9.42,9.52,9.65
329,2022-09-15,7.37,7.37,7.39,7.41,7.61,7.86,8.35,8.73,9.07,9.33,9.44,9.58
330,2022-09-14,7.46,7.44,7.45,7.47,7.65,7.89,8.36,8.74,9.08,9.31,9.42,9.55
331,2022-09-13,7.44,7.47,7.51,7.55,7.73,7.94,8.39,8.75,9.09,9.35,9.48,9.62
332,2022-09-12,7.54,7.52,7.52,7.53,7.67,7.88,8.32,8.69,9.06,9.33,9.46,9.61
333,2022-09-09,7.59,7.59,7.61,7.63,7.77,7.95,8.36,8.7,9.05,9.34,9.48,9.64
334,2022-09-08,7.45,7.5,7.56,7.61,7.78,7.96,8.35,8.7,9.06,9.37,9.52,9.69
335,2022-09-07,7.62,7.62,7.63,7.64,7.72,7.88,8.25,8.61,8.99,9.3,9.46,9.64
336,2022-09-06,7.51,7.51,7.52,7.54,7.69,7.87,8.28,8.62,8.98,9.3,9.46,9.62
337,2022-09-05,7.47,7.52,7.57,7.61,7.75,7.9,8.28,8.62,8.98,9.29,9.44,9.62
338,2022-09-02,7.59,7.62,7.65,7.68,7.79,7.95,8.35,8.7,9.04,9.32,9.47,9.64
339,2022-09-01,7.64,7.66,7.69,7.72,7.86,8.05,8.48,8.81,9.08,9.29,9.4,9.53
340,2022-08-31,7.71,7.68,7.68,7.69,7.84,8.05,8.51,8.84,9.11,9.32,9.43,9.56
341,2022-08-30,7.63,7.62,7.63,7.66,7.85,8.1,8.53,8.82,9.06,9.26,9.36,9.47
342,2022-08-29,7.67,7.65,7.65,7.67,7.85,8.08,8.52,8.82,9.05,9.24,9.35,9.45
343,2022-08-26,7.69,7.61,7.58,7.59,7.8,8.08,8.57,8.86,9.08,9.24,9.33,9.43
344,2022-08-25,7.69,7.55,7.5,7.5,7.78,8.11,8.59,8.85,9.04,9.19,9.25,9.32
345,2022-08-24,7.68,7.59,7.56,7.58,7.83,8.14,8.62,8.89,9.09,9.24,9.31,9.39
346,2022-08-23,7.63,7.48,7.44,7.48,7.88,8.24,8.66,8.87,9.02,9.14,9.2,9.25
347,2022-08-22,7.77,7.62,7.57,7.59,7.88,8.2,8.65,8.88,9.03,9.15,9.21,9.27
348,2022-08-19,7.51,7.38,7.35,7.37,7.72,8.1,8.62,8.88,9.03,9.15,9.22,9.29
349,2022-08-18,7.51,7.39,7.36,7.39,7.73,8.09,8.55,8.78,8.93,9.04,9.11,9.17
350,2022-08-17,7.38,7.34,7.35,7.4,7.74,8.08,8.55,8.79,8.94,9.06,9.12,9.19
351,2022-08-16,7.35,7.36,7.4,7.46,7.78,8.1,8.54,8.78,8.96,9.12,9.19,9.26
352,2022-08-15,7.34,7.36,7.41,7.48,7.81,8.12,8.54,8.78,8.99,9.15,9.22,9.28
353,2022-08-12,7.36,7.38,7.43,7.5,7.83,8.14,8.56,8.78,8.96,9.1,9.16,9.22
354,2022-08-11,7.34,7.36,7.41,7.48,7.79,8.1,8.56,8.81,8.98,9.11,9.18,9.25
355,2022-08-10,7.37,7.38,7.42,7.47,7.75,8.03,8.44,8.69,8.91,9.08,9.15,9.23
356,2022-08-09,7.35,7.37,7.42,7.48,7.76,8.01,8.41,8.66,8.85,8.99,9.07,9.13
357,2022-08-08,7.46,7.37,7.37,7.41,7.77,8.07,8.46,8.68,8.86,8.99,9.04,9.09
358,2022-08-05,7.42,7.36,7.36,7.4,7.72,8.05,8.48,8.7,8.87,9.02,9.09,9.16
359,2022-08-04,7.42,7.37,7.36,7.39,7.64,7.93,8.38,8.65,8.84,8.98,9.06,9.13
360,2022-08-03,7.61,7.48,7.43,7.42,7.63,7.93,8.39,8.67,8.88,9.05,9.13,9.21
361,2022-08-02,7.55,7.41,7.34,7.32,7.53,7.85,8.38,8.68,8.88,9.04,9.13,9.22
362,2022-08-01,7.36,7.25,7.21,7.23,7.53,7.85,8.36,8.65,8.87,9.03,9.11,9.19
363,2022-07-29,7.15,7.12,7.14,7.19,7.51,7.85,8.37,8.67,8.89,9.06,9.15,9.25
364,2022-07-28,7.05,7.1,7.17,7.25,7.6,7.92,8.39,8.65,8.86,9.03,9.11,9.2
365,2022-07-27,6.97,7.04,7.12,7.22,7.62,7.97,8.44,8.7,8.91,9.07,9.14,9.21
366,2022-07-26,6.98,6.97,7.03,7.13,7.6,7.99,8.46,8.69,8.87,9.0,9.06,9.13
367,2022-07-25,7.05,7.02,7.07,7.17,7.65,8.05,8.49,8.68,8.83,8.94,9.0,9.06
368,2022-07-22,7.42,7.34,7.34,7.39,7.75,8.08,8.49,8.69,8.83,8.95,9.01,9.08
369,2022-07-21,7.95,7.82,7.77,7.78,8.05,8.37,8.77,8.95,9.03,9.09,9.13,9.19
370,2022-07-20,8.41,8.12,8.01,8.0,8.29,8.58,8.9,9.03,9.1,9.15,9.19,9.24
371,2022-07-19,8.48,8.2,8.1,8.1,8.38,8.66,8.96,9.06,9.1,9.15,9.19,9.24
372,2022-07-18,8.36,8.14,8.07,8.08,8.38,8.67,8.96,9.05,9.09,9.14,9.19,9.24
373,2022-07-15,8.37,8.16,8.07,8.05,8.28,8.57,8.9,9.02,9.07,9.12,9.16,9.2
374,2022-07-14,8.16,8.09,8.08,8.11,8.35,8.59,8.9,9.03,9.11,9.18,9.22,9.25
375,2022-07-13,7.85,7.9,7.95,8.01,8.27,8.53,8.89,9.07,9.15,9.23,9.27,9.33
376,2022-07-12,7.89,7.98,8.05,8.12,8.35,8.57,8.86,8.99,9.06,9.14,9.19,9.23
377,2022-07-11,7.9,7.97,8.04,8.11,8.34,8.53,8.78,8.91,9.01,9.13,9.2,9.25
378,2022-07-08,8.11,8.16,8.21,8.26,8.44,8.58,8.77,8.88,8.97,9.07,9.12,9.15
379,2022-07-07,8.09,8.16,8.23,8.29,8.51,8.66,8.81,8.88,8.95,9.05,9.09,9.11
380,2022-07-06,8.22,8.29,8.36,8.44,8.66,8.78,8.89,8.93,8.94,8.98,9.0,9.01
381,2022-07-05,8.34,8.37,8.44,8.51,8.72,8.83,8.92,8.95,8.97,9.02,9.04,9.04
382,2022-07-04,8.39,8.4,8.44,8.49,8.68,8.78,8.87,8.91,8.94,8.96,8.96,8.96
383,2022-07-01,8.7,8.64,8.61,8.6,8.63,8.69,8.79,8.84,8.84,8.85,8.87,8.88
384,2022-06-30,8.75,8.73,8.71,8.69,8.65,8.67,8.74,8.78,8.79,8.81,8.82,8.83
385,2022-06-29,8.89,8.78,8.7,8.64,8.54,8.54,8.63,8.71,8.74,8.78,8.81,8.85
386,2022-06-28,8.65,8.63,8.61,8.59,8.54,8.54,8.61,8.68,8.72,8.77,8.8,8.83
387,2022-06-27,8.49,8.55,8.59,8.61,8.61,8.61,8.63,8.66,8.7,8.75,8.79,8.83
388,2022-06-24,8.8,8.77,8.75,8.73,8.71,8.71,8.73,8.75,8.78,8.8,8.81,8.82
389,2022-06-23,8.95,8.9,8.86,8.84,8.82,8.82,8.81,8.8,8.81,8.84,8.86,8.85
390,2022-06-22,9.0,8.95,8.92,8.91,8.91,8.93,8.97,8.98,8.94,8.93,8.93,8.94
391,2022-06-21,9.01,8.98,8.98,8.98,8.96,8.94,8.94,8.95,8.93,8.93,8.94,8.95
392,2022-06-20,9.32,9.07,8.97,8.94,8.97,9.0,9.02,9.0,8.95,8.93,8.94,8.96
393,2022-06-17,9.14,9.02,8.96,8.94,8.95,8.99,9.04,9.04,8.98,8.94,8.95,8.97
394,2022-06-16,9.22,9.12,9.07,9.04,9.02,9.02,9.03,9.02,8.98,8.95,8.95,8.96
395,2022-06-15,9.28,9.09,9.03,9.01,9.05,9.08,9.08,9.07,9.07,9.09,9.1,9.1
396,2022-06-14,9.68,9.26,9.1,9.05,9.07,9.1,9.1,9.09,9.08,9.1,9.11,9.11
397,2022-06-10,9.45,9.11,9.01,9.01,9.14,9.15,9.08,9.05,9.09,9.15,9.18,9.2
398,2022-06-09,9.4,9.06,8.95,8.92,9.0,9.06,9.08,9.04,8.99,8.98,9.0,9.03
399,2022-06-08,9.5,9.19,9.07,9.02,9.02,9.08,9.12,9.1,9.05,9.02,9.02,9.04
400,2022-06-07,9.61,9.36,9.22,9.15,9.1,9.11,9.1,9.06,9.02,9.01,9.02,9.04
401,2022-06-06,9.74,9.49,9.33,9.24,9.13,9.11,9.1,9.08,9.05,9.05,9.05,9.06
402,2022-06-03,9.96,9.7,9.51,9.39,9.18,9.14,9.13,9.13,9.13,9.13,9.15,9.17
403,2022-06-02,9.9,9.68,9.55,9.48,9.36,9.3,9.23,9.19,9.15,9.12,9.12,9.13
404,2022-06-01,10.44,10.03,9.81,9.68,9.47,9.37,9.3,9.27,9.23,9.21,9.21,9.22
405,2022-05-31,10.8,10.46,10.24,10.09,9.85,9.78,9.68,9.58,9.48,9.43,9.44,9.46
406,2022-05-30,10.65,10.33,10.15,10.05,9.93,9.88,9.74,9.61,9.47,9.44,9.46,9.5
407,2022-05-27,10.59,10.37,10.21,10.1,9.93,9.85,9.69,9.57,9.47,9.4,9.38,9.39
408,2022-05-26,11.04,10.6,10.31,10.12,9.81,9.71,9.59,9.51,9.44,9.4,9.38,9.39
409,2022-05-25,12.07,11.11,10.59,10.31,9.98,9.87,9.7,9.6,9.51,9.45,9.46,9.51
410,2022-05-24,13.02,11.93,11.29,10.91,10.44,10.35,10.27,10.23,10.19,10.18,10.18,10.19
411,2022-05-23,13.13,12.02,11.34,10.93,10.39,10.32,10.28,10.26,10.26,10.28,10.29,10.32
412,2022-05-20,13.07,11.99,11.28,10.82,10.19,10.15,10.22,10.25,10.27,10.29,10.31,10.34
413,2022-05-19,13.18,11.99,11.23,10.76,10.15,10.13,10.24,10.29,10.33,10.37,10.4,10.43
414,2022-05-18,13.1,11.89,11.14,10.7,10.22,10.26,10.38,10.43,10.47,10.52,10.56,10.62
415,2022-05-17,13.17,12.03,11.27,10.78,10.12,10.11,10.27,10.37,10.45,10.53,10.58,10.64
416,2022-05-16,12.23,11.07,10.48,10.2,10.13,10.28,10.4,10.44,10.46,10.51,10.55,10.59
417,2022-05-13,12.79,11.47,10.72,10.32,10.02,10.15,10.32,10.39,10.44,10.49,10.53,10.56
418,2022-05-12,12.68,11.17,10.48,10.18,10.14,10.27,10.39,10.42,10.45,10.48,10.5,10.52
419,2022-05-11,12.93,11.33,10.58,10.25,10.12,10.23,10.34,10.37,10.4,10.42,10.43,10.45
420,2022-05-06,13.33,11.68,10.81,10.36,10.06,10.17,10.3,10.36,10.39,10.43,10.45,10.48
421,2022-05-05,13.92,12.24,11.25,10.67,10.06,10.13,10.3,10.38,10.44,10.5,10.54,10.59
422,2022-05-04,13.7,12.18,11.21,10.61,9.85,9.88,10.11,10.23,10.32,10.39,10.42,10.46
423,2022-04-29,13.09,11.62,10.72,10.19,9.68,9.81,10.08,10.22,10.32,10.41,10.47,10.52
424,2022-04-28,13.06,11.48,10.6,10.14,9.83,9.98,10.19,10.27,10.34,10.4,10.44,10.49
425,2022-04-27,13.79,12.08,11.05,10.45,9.82,9.88,10.03,10.1,10.15,10.18,10.19,10.2
426,2022-04-26,14.6,12.55,11.36,10.66,9.82,9.76,9.8,9.82,9.83,9.82,9.82,9.81
427,2022-04-25,14.65,12.51,11.36,10.74,10.06,10.01,10.0,9.99,9.98,9.96,9.94,9.92
428,2022-04-22,14.46,12.47,11.37,10.76,10.06,9.97,9.94,9.92,9.91,9.89,9.88,9.88
429,2022-04-21,14.44,12.61,11.53,10.88,10.03,9.91,9.87,9.86,9.84,9.83,9.82,9.81
430,2022-04-20,14.6,12.51,11.44,10.88,10.26,10.16,10.1,10.08,10.05,10.02,10.01,10.01
431,2022-04-19,13.95,12.25,11.39,10.95,10.45,10.36,10.3,10.27,10.25,10.22,10.22,10.21
432,2022-04-18,14.15,13.08,12.31,11.77,10.79,10.54,10.43,10.4,10.36,10.33,10.3,10.27
433,2022-04-15,14.58,13.16,12.37,11.91,11.23,11.0,10.79,10.69,10.62,10.57,10.57,10.57
434,2022-04-14,15.29,13.35,12.36,11.83,11.12,10.92,10.74,10.66,10.59,10.56,10.54,10.53
435,2022-04-13,15.18,13.45,12.48,11.92,11.12,10.89,10.72,10.66,10.61,10.58,10.57,10.56
436,2022-04-12,15.67,14.01,12.97,12.3,11.28,11.03,10.89,10.83,10.8,10.78,10.76,10.76
437,2022-04-11,14.62,13.67,12.96,12.42,11.3,10.99,10.85,10.82,10.8,10.79,10.8,10.81
438,2022-04-08,13.95,13.22,12.67,12.24,11.33,11.06,10.95,10.94,10.94,10.95,10.97,10.99
439,2022-04-07,15.09,14.45,13.94,13.54,12.63,12.27,12.04,11.94,11.84,11.78,11.77,11.78
440,2022-04-06,15.22,14.64,14.17,13.79,12.85,12.42,12.11,11.99,11.92,11.93,11.95,11.93
441,2022-04-05,15.28,14.67,14.17,13.76,12.75,12.33,12.03,11.9,11.76,11.66,11.63,11.61
442,2022-04-04,15.55,14.83,14.27,13.84,12.84,12.44,12.12,11.95,11.78,11.67,11.64,11.61
443,2022-04-01,15.06,14.52,14.07,13.69,12.73,12.27,11.82,11.57,11.36,11.26,11.23,11.19
444,2022-03-31,15.14,14.57,14.09,13.69,12.57,11.92,11.4,11.26,11.23,11.18,11.13,11.07
445,2022-03-30,15.42,14.92,14.48,14.1,13.02,12.46,12.11,12.0,11.78,11.52,11.39,11.37
446,2022-03-29,17.12,16.57,16.08,15.65,14.35,13.48,12.69,12.48,12.45,12.54,12.64,12.76
447,2022-03-28,17.57,17.08,16.64,16.25,15.01,14.16,13.43,13.26,13.26,13.39,13.49,13.61
448,2022-03-25,17.47,17.01,16.61,16.25,15.1,14.24,13.42,13.19,13.18,13.34,13.46,13.61
449,2022-03-24,17.82,17.29,16.85,16.46,15.24,14.34,13.6,13.44,13.36,13.26,13.19,13.13
450,2022-03-23,17.87,17.29,16.8,16.38,15.17,14.46,13.97,13.85,13.63,13.34,13.19,13.12
451,2022-03-22,17.57,17.02,16.54,16.12,14.92,14.27,13.8,13.59,13.22,12.82,12.63,12.55
452,2022-03-21,17.22,17.01,16.8,16.58,15.82,15.28,14.62,14.15,13.57,13.03,12.78,12.57
453,2022-02-25,13.77,13.69,13.58,13.45,13.09,13.11,13.2,13.04,12.52,11.76,11.21,10.46
454,2022-02-24,16.88,16.7,16.51,16.31,15.66,15.34,14.96,14.36,13.16,11.95,11.32,10.66
455,2022-02-22,11.46,11.46,11.45,11.44,11.34,11.25,11.1,10.96,10.78,10.59,10.49,10.39
456,2022-02-21,11.15,11.16,11.15,11.12,11.0,10.96,10.85,10.71,10.51,10.28,10.14,10.0
457,2022-02-18,10.18,10.22,10.24,10.25,10.25,10.19,10.05,9.91,9.75,9.6,9.51,9.43
458,2022-02-17,10.11,10.17,10.21,10.23,10.23,10.17,10.0,9.86,9.69,9.54,9.46,9.38
459,2022-02-16,10.01,10.06,10.09,10.1,10.11,10.06,9.91,9.76,9.6,9.48,9.42,9.35
460,2022-02-15,10.07,10.12,10.16,10.18,10.17,10.12,10.01,9.89,9.73,9.55,9.43,9.31
461,2022-02-14,10.31,10.31,10.32,10.33,10.38,10.4,10.34,10.22,10.02,9.8,9.66,9.5
462,2022-02-11,10.15,10.13,10.11,10.1,10.11,10.08,9.97,9.86,9.74,9.59,9.5,9.38
463,2022-02-10,9.78,9.76,9.75,9.74,9.69,9.63,9.54,9.48,9.41,9.31,9.25,9.17
464,2022-02-09,9.76,9.74,9.72,9.7,9.64,9.59,9.52,9.46,9.36,9.25,9.19,9.1
465,2022-02-08,9.73,9.71,9.7,9.68,9.62,9.58,9.52,9.47,9.38,9.26,9.18,9.07
466,2022-02-07,9.69,9.68,9.67,9.66,9.61,9.57,9.53,9.48,9.39,9.25,9.14,9.0
467,2022-02-04,9.67,9.66,9.64,9.63,9.57,9.54,9.51,9.46,9.36,9.21,9.1,8.95
468,2022-02-03,9.65,9.65,9.65,9.64,9.61,9.58,9.54,9.5,9.4,9.25,9.14,8.99
469,2022-02-02,9.64,9.64,9.63,9.63,9.6,9.57,9.53,9.47,9.34,9.18,9.08,8.96
470,2022-02-01,9.73,9.72,9.7,9.69,9.64,9.63,9.6,9.53,9.42,9.26,9.15,9.02
471,2022-01-31,9.7,9.72,9.72,9.72,9.67,9.65,9.6,9.54,9.42,9.27,9.16,9.03
472,2022-01-28,9.74,9.74,9.74,9.74,9.72,9.71,9.67,9.61,9.49,9.33,9.22,9.09
473,2022-01-27,9.79,9.79,9.79,9.77,9.7,9.67,9.65,9.6,9.48,9.31,9.19,9.05
474,2022-01-26,9.9,9.91,9.93,9.95,9.98,9.96,9.92,9.86,9.75,9.57,9.45,9.29
475,2022-01-25,9.99,9.99,9.99,9.98,9.95,9.95,9.94,9.89,9.75,9.58,9.45,9.3
476,2022-01-24,9.98,9.98,9.98,9.97,9.94,9.93,9.9,9.83,9.69,9.52,9.4,9.26
477,2022-01-21,9.79,9.78,9.77,9.76,9.69,9.65,9.6,9.52,9.35,9.16,9.05,8.92
478,2022-01-20,9.63,9.65,9.66,9.66,9.62,9.57,9.5,9.42,9.29,9.1,8.97,8.81
479,2022-01-19,9.55,9.57,9.59,9.59,9.55,9.49,9.42,9.35,9.22,9.03,8.9,8.73
480,2022-01-18,9.59,9.62,9.64,9.66,9.66,9.63,9.58,9.5,9.37,9.18,9.05,8.87
481,2022-01-17,9.44,9.49,9.53,9.55,9.57,9.57,9.58,9.55,9.44,9.23,9.07,8.86
482,2022-01-14,9.25,9.3,9.34,9.37,9.44,9.47,9.46,9.4,9.25,9.04,8.89,8.71
483,2022-01-13,8.98,9.01,9.04,9.07,9.14,9.2,9.24,9.19,9.04,8.86,8.74,8.61
484,2022-01-12,8.52,8.58,8.63,8.68,8.8,8.86,8.88,8.84,8.76,8.63,8.55,8.46
485,2022-01-11,8.42,8.5,8.57,8.63,8.76,8.81,8.83,8.81,8.73,8.64,8.6,8.56
486,2022-01-10,8.1,8.39,8.52,8.57,8.64,8.66,8.66,8.63,8.58,8.55,8.56,8.57
487,2022-01-06,7.71,7.99,8.16,8.28,8.46,8.5,8.49,8.48,8.47,8.47,8.47,8.49
488,2022-01-05,7.48,7.79,7.96,8.06,8.2,8.24,8.3,8.33,8.34,8.34,8.34,8.34
489,2022-01-04,7.44,7.81,7.99,8.09,8.21,8.27,8.34,8.37,8.37,8.37,8.36,8.36
490,2022-01-03,7.37,7.75,7.95,8.06,8.21,8.27,8.33,8.36,8.37,8.37,8.37,8.37
